condition,condition_label,fold,patient_id,structure,present,dice,iou,sensitivity,precision,hd95,assd,cldice,cc_error,centerline_overlap,n_components_pred,n_components_gt
baseline,"Baseline (Dice+BCE vessel, no constraints)",0,03,liver,1,0.8114550349622446,0.6827297736577158,0.8943599481552961,0.7426163691160265,97.19773648481078,16.81902006788805,nan,nan,nan,nan,nan
baseline,"Baseline (Dice+BCE vessel, no constraints)",0,03,tumour,1,0.19039072542504426,0.10521095802283816,0.5617575497352225,0.11461861932017288,113.22764677906626,26.85773612296801,nan,nan,nan,nan,nan
baseline,"Baseline (Dice+BCE vessel, no constraints)",0,03,vessel,1,0.39353750969072476,0.2449714898820707,0.5759465086306605,0.29887902502043595,42.77849927241488,8.928575762065538,0.4203646182882655,168.0,0.48878787878787877,217.0,49.0
baseline,"Baseline (Dice+BCE vessel, no constraints)",0,10,liver,1,0.9067425146541431,0.8293952036077676,0.9637490625926238,0.8561033018041688,97.3498844375277,11.435240232813495,nan,nan,nan,nan,nan
baseline,"Baseline (Dice+BCE vessel, no constraints)",0,10,tumour,1,0.5611281594790227,0.3899778588174004,0.9174965527807568,0.40415049772228784,42.8164684955934,9.079562343050437,nan,nan,nan,nan,nan
baseline,"Baseline (Dice+BCE vessel, no constraints)",0,10,vessel,1,0.435407025075375,0.27828772853613953,0.8275459551237457,0.29542001119637,76.10190515106814,13.759500727828236,0.5833746913087182,130.0,0.7754532775453278,145.0,15.0
baseline,"Baseline (Dice+BCE vessel, no constraints)",0,14,liver,1,0.8731436430866315,0.7748491080782517,0.9625126040619404,0.798960443419961,66.73080248281148,8.87079215619748,nan,nan,nan,nan,nan
baseline,"Baseline (Dice+BCE vessel, no constraints)",0,14,tumour,0,nan,nan,nan,nan,nan,nan,nan,nan,nan,nan,nan
baseline,"Baseline (Dice+BCE vessel, no constraints)",0,14,vessel,1,0.5340092300930335,0.3642650697772963,0.7369348968863728,0.4187110855829983,42.95520902903688,8.093983412684246,0.6171124777003417,151.0,0.7162162162162162,153.0,2.0
baseline,"Baseline (Dice+BCE vessel, no constraints)",0,17,liver,1,0.9047897141074037,0.8261333241314477,0.9519355644691134,0.8620934134487181,76.96752561957543,8.270158357188784,nan,nan,nan,nan,nan
baseline,"Baseline (Dice+BCE vessel, no constraints)",0,17,tumour,1,0.6326757939834218,0.46271088539169103,0.5161100136757332,0.8172569778633301,58.19106450468487,9.998431670422896,nan,nan,nan,nan,nan
baseline,"Baseline (Dice+BCE vessel, no constraints)",0,17,vessel,1,0.7134381124389962,0.5545307375702654,0.6998066332703855,0.727611194500727,17.97220075561143,2.68436158871506,0.70498253389926,312.0,0.7113821138211383,336.0,24.0
baseline,"Baseline (Dice+BCE vessel, no constraints)",1,02,liver,1,0.8583680571391453,0.7518781009123934,0.9627676461032116,0.7743950214231815,87.9374777896205,11.559072248463927,nan,nan,nan,nan,nan
baseline,"Baseline (Dice+BCE vessel, no constraints)",1,02,tumour,1,0.0,0.0,0.0,0.0,159.24446608502714,92.06801870282781,nan,nan,nan,nan,nan
baseline,"Baseline (Dice+BCE vessel, no constraints)",1,02,vessel,1,0.4127413020958473,0.26003404652363155,0.8286387575321451,0.27481196303250915,96.01822711854253,19.62558994586686,0.4238438217443342,420.0,0.8513598987982289,423.0,3.0
baseline,"Baseline (Dice+BCE vessel, no constraints)",1,05,liver,1,0.8940336737407087,0.808373322508469,0.9657069236586723,0.8322643238290304,112.17865215385844,13.11508148008029,nan,nan,nan,nan,nan
baseline,"Baseline (Dice+BCE vessel, no constraints)",1,05,tumour,1,0.0,0.0,0.0,0.0,128.75169901791588,80.09960084358211,nan,nan,nan,nan,nan
baseline,"Baseline (Dice+BCE vessel, no constraints)",1,05,vessel,1,0.7639793322822859,0.6180959204290309,0.7517308512616347,0.7766335708797252,23.366642891095847,3.30583353483072,0.7602208514684015,398.0,0.7519744835965978,446.0,48.0
baseline,"Baseline (Dice+BCE vessel, no constraints)",1,11,liver,1,0.9087884681965255,0.8328252054801385,0.947196685152149,0.8733737248459041,100.66131329770465,11.782385765127469,nan,nan,nan,nan,nan
baseline,"Baseline (Dice+BCE vessel, no constraints)",1,11,tumour,0,nan,nan,nan,nan,nan,nan,nan,nan,nan,nan,nan
baseline,"Baseline (Dice+BCE vessel, no constraints)",1,11,vessel,1,0.722621832907556,0.5657070486435359,0.627680389907237,0.8514030304492592,15.588457268119896,2.6965486404669425,0.6175955849162135,158.0,0.5189617083946981,175.0,17.0
baseline,"Baseline (Dice+BCE vessel, no constraints)",1,12,liver,1,0.9107268466034962,0.8360867462525121,0.9656922495705295,0.8616815394018101,71.9027120489902,7.236044960994969,nan,nan,nan,nan,nan
baseline,"Baseline (Dice+BCE vessel, no constraints)",1,12,tumour,1,0.008656517918635856,0.004347074222267277,0.004519500809046441,0.10228707731163182,147.79157303403417,34.00778629764033,nan,nan,nan,nan,nan
baseline,"Baseline (Dice+BCE vessel, no constraints)",1,12,vessel,1,0.6615033167860124,0.49421363913851163,0.7415370674966266,0.5970626253975051,26.463175829817224,4.113838864543527,0.6782008750344413,411.0,0.7425149700598802,428.0,17.0
baseline,"Baseline (Dice+BCE vessel, no constraints)",2,06,liver,1,0.8466616937126276,0.7340965691480886,0.7855542374378475,0.9180780403281975,124.04031602668546,17.045892542637024,nan,nan,nan,nan,nan
baseline,"Baseline (Dice+BCE vessel, no constraints)",2,06,tumour,1,0.0,0.0,0.0,0.0,nan,nan,nan,nan,nan,nan,nan
baseline,"Baseline (Dice+BCE vessel, no constraints)",2,06,vessel,1,0.6082271773760156,0.43701613330061445,0.4646197760936345,0.880322371162998,15.066519173319364,3.0347199321066927,0.6635408275073845,358.0,0.572623782745851,371.0,13.0
baseline,"Baseline (Dice+BCE vessel, no constraints)",2,13,liver,1,0.8822803413938106,0.7893574516654968,0.9426034026103857,0.8292137876995388,123.42204017111368,16.920603855063067,nan,nan,nan,nan,nan
baseline,"Baseline (Dice+BCE vessel, no constraints)",2,13,tumour,1,0.0,0.0,0.0,0.0,nan,nan,nan,nan,nan,nan,nan
baseline,"Baseline (Dice+BCE vessel, no constraints)",2,13,vessel,1,0.7500026587994564,0.600003403270543,0.693027351274008,0.817185262094251,9.643650760992955,2.265006588840937,0.7218080785866642,200.0,0.6899246058944483,233.0,33.0
baseline,"Baseline (Dice+BCE vessel, no constraints)",2,16,liver,1,0.8016342304425909,0.6689395264841863,0.7852779477533013,0.8186863655068806,144.54307313153075,20.631974258094775,nan,nan,nan,nan,nan
baseline,"Baseline (Dice+BCE vessel, no constraints)",2,16,tumour,1,0.0,0.0,0.0,0.0,nan,nan,nan,nan,nan,nan,nan
baseline,"Baseline (Dice+BCE vessel, no constraints)",2,16,vessel,1,0.5589658760700542,0.38789218574898066,0.7074863320079523,0.46198315591328054,41.30375285612676,6.273398033745773,0.5258257588727598,372.0,0.7595873514240861,405.0,33.0
baseline,"Baseline (Dice+BCE vessel, no constraints)",2,20,liver,1,0.925351504294041,0.8610736515163112,0.980518385151981,0.8760616689893684,196.39882887995304,17.529589074075705,nan,nan,nan,nan,nan
baseline,"Baseline (Dice+BCE vessel, no constraints)",2,20,tumour,0,nan,nan,nan,nan,nan,nan,nan,nan,nan,nan,nan
baseline,"Baseline (Dice+BCE vessel, no constraints)",2,20,vessel,1,0.5385961531048837,0.36854710232847665,0.4530468999255557,0.6639751836138862,38.41874542459709,6.169825164157739,0.5609453397317696,537.0,0.4704648338301866,542.0,5.0
baseline,"Baseline (Dice+BCE vessel, no constraints)",3,07,liver,1,0.7575278968284653,0.609694088820827,0.8702765997183849,0.6706427601552634,54.378304497290095,10.774594913713075,nan,nan,nan,nan,nan
baseline,"Baseline (Dice+BCE vessel, no constraints)",3,07,tumour,1,0.07315353649125003,0.03796542063763547,0.03931391949494527,0.5253550100860812,99.36976398402189,30.698427430013663,nan,nan,nan,nan,nan
baseline,"Baseline (Dice+BCE vessel, no constraints)",3,07,vessel,1,0.6440273538233667,0.47495600714313646,0.5761514427029967,0.7300317760529574,21.118712081942874,3.571249677260106,0.6065096897335452,375.0,0.5085352422907489,392.0,17.0
baseline,"Baseline (Dice+BCE vessel, no constraints)",3,08,liver,1,0.8977394504866179,0.8144530355213614,0.8680218544110557,0.9295640035714735,86.14522621712709,7.290638047172897,nan,nan,nan,nan,nan
baseline,"Baseline (Dice+BCE vessel, no constraints)",3,08,tumour,1,0.10917276308384918,0.05773809523809524,0.11437555271691068,0.10442271463173948,56.124860801609124,26.483495869635515,nan,nan,nan,nan,nan
baseline,"Baseline (Dice+BCE vessel, no constraints)",3,08,vessel,1,0.5963477088948788,0.4248542980864322,0.4713742423220189,0.8114963046282315,13.892443989449804,2.9720476222199212,0.6053880784488563,117.0,0.4957111765458968,168.0,51.0
baseline,"Baseline (Dice+BCE vessel, no constraints)",3,15,liver,1,0.9063577663091302,0.8287516139993204,0.8969377810956617,0.9159777162372978,76.60287200882223,8.586951863269105,nan,nan,nan,nan,nan
baseline,"Baseline (Dice+BCE vessel, no constraints)",3,15,tumour,1,0.1540847254528794,0.08347334657094853,0.6738594327990136,0.08698766414643852,81.83520025025906,48.54685362221225,nan,nan,nan,nan,nan
baseline,"Baseline (Dice+BCE vessel, no constraints)",3,15,vessel,1,0.5659390663941083,0.3946408783140588,0.713305039132468,0.46903774186997765,41.60528812542944,5.529999010132486,0.650148903047631,261.0,0.7527285129604365,271.0,10.0
baseline,"Baseline (Dice+BCE vessel, no constraints)",3,18,liver,1,0.882918801922526,0.7903801473358001,0.8253092381379125,0.9491746161884863,56.471231613982,6.629395133911193,nan,nan,nan,nan,nan
baseline,"Baseline (Dice+BCE vessel, no constraints)",3,18,tumour,1,0.0,0.0,0.0,0.0,145.76282026691715,75.69308248633939,nan,nan,nan,nan,nan
baseline,"Baseline (Dice+BCE vessel, no constraints)",3,18,vessel,1,0.5525738849051727,0.3817631028917639,0.8315676236396992,0.4137570132762394,45.81375327647856,6.852624386628293,0.6187847901425197,209.0,0.7379820390913894,224.0,15.0
baseline,"Baseline (Dice+BCE vessel, no constraints)",4,01,liver,1,0.9416848266069003,0.8897962065381083,0.947733390269662,0.9357129788480865,65.69855361641643,5.89186573509091,nan,nan,nan,nan,nan
baseline,"Baseline (Dice+BCE vessel, no constraints)",4,01,tumour,1,0.36279397619554604,0.22159335533869115,0.22167686592609873,0.9983028245847981,24.124676163629637,6.69088887484659,nan,nan,nan,nan,nan
baseline,"Baseline (Dice+BCE vessel, no constraints)",4,01,vessel,1,0.6706309353912293,0.5044731017481544,0.608381772362315,0.7470706383424164,11.704699910719626,2.3514392052094117,0.6896501756182003,330.0,0.6552785472453062,335.0,5.0
baseline,"Baseline (Dice+BCE vessel, no constraints)",4,04,liver,1,0.8645455745966104,0.7614093135349452,0.9809955062950332,0.7728086466122698,128.79926240927944,16.489225102389074,nan,nan,nan,nan,nan
baseline,"Baseline (Dice+BCE vessel, no constraints)",4,04,tumour,1,0.5022571719819426,0.335342732134176,0.4635752688172043,0.547982205274865,51.26646059722316,12.21276236694489,nan,nan,nan,nan,nan
baseline,"Baseline (Dice+BCE vessel, no constraints)",4,04,vessel,1,0.665100279993316,0.498239882760621,0.5225991776294722,0.9144504589315133,11.224972160321824,2.859321150798603,0.676445016639939,247.0,0.5357387140902873,263.0,16.0
baseline,"Baseline (Dice+BCE vessel, no constraints)",4,09,liver,1,0.8540057713513342,0.7452094871004379,0.9672614049382869,0.7644921762179148,110.69778678907723,14.739562799615609,nan,nan,nan,nan,nan
baseline,"Baseline (Dice+BCE vessel, no constraints)",4,09,tumour,1,0.06180022237736922,0.031885372752014515,0.03991982629029564,0.1367589837491417,114.08505532905461,28.709820267593813,nan,nan,nan,nan,nan
baseline,"Baseline (Dice+BCE vessel, no constraints)",4,09,vessel,1,0.41236918333671885,0.2597387119276217,0.2765000345167929,0.8107756191768382,27.367864366808018,4.470767753249477,0.6038716007289437,358.0,0.48249972397040963,378.0,20.0
baseline,"Baseline (Dice+BCE vessel, no constraints)",4,19,liver,1,0.8259006302213103,0.7034333306702885,0.854625909530528,0.799043558442274,72.44998274671983,13.57153844869647,nan,nan,nan,nan,nan
baseline,"Baseline (Dice+BCE vessel, no constraints)",4,19,tumour,1,0.24668007205395667,0.14069313199612934,0.14332830298899815,0.8844247521778312,58.592661600638344,20.27583992396355,nan,nan,nan,nan,nan
baseline,"Baseline (Dice+BCE vessel, no constraints)",4,19,vessel,1,0.5622421835845638,0.39105486137180245,0.5770001758396343,0.5482202972157947,129.9915373120137,11.378180393347423,0.5884382884036649,475.0,0.5530317251736437,485.0,10.0
cldice,+clDice (connectivity-aware vessel),0,03,liver,1,0.8268723145520875,0.7048442593325883,0.8795550599896345,0.7801439975890768,98.96464014990404,17.924299740694842,nan,nan,nan,nan,nan
cldice,+clDice (connectivity-aware vessel),0,03,tumour,1,0.08318207282913165,0.043395917603871965,0.2656361814798912,0.049311865667676286,124.20386461937287,50.70265179119785,nan,nan,nan,nan,nan
cldice,+clDice (connectivity-aware vessel),0,03,vessel,1,0.007067204379656656,0.0035461328125,1.0,0.0035461328125,174.2689014085049,104.49628759715276,0.0,48.0,1.0,1.0,49.0
cldice,+clDice (connectivity-aware vessel),0,10,liver,1,0.9083216656576496,0.8320414879396149,0.9550321753335383,0.8659673080092863,103.42630226397925,15.06150885570325,nan,nan,nan,nan,nan
cldice,+clDice (connectivity-aware vessel),0,10,tumour,1,0.5405640384719883,0.3703924342840122,0.7620652673510036,0.41882788817783767,63.90579001226692,16.403643334897474,nan,nan,nan,nan,nan
cldice,+clDice (connectivity-aware vessel),0,10,vessel,1,0.006101518253655418,0.0030600947387810027,1.0,0.0030600947387810027,235.98633434775172,133.87577625841536,0.0,14.0,1.0,1.0,15.0
cldice,+clDice (connectivity-aware vessel),0,14,liver,1,0.8677115121163765,0.7663343056134294,0.9502798360106354,0.798344602283474,65.12296062065974,8.800264654522472,nan,nan,nan,nan,nan
cldice,+clDice (connectivity-aware vessel),0,14,tumour,0,nan,nan,nan,nan,nan,nan,nan,nan,nan,nan,nan
cldice,+clDice (connectivity-aware vessel),0,14,vessel,1,0.0099843387592071,0.005017216172551011,1.0,0.005017216172551011,200.174923504419,121.32439734831078,0.0,1.0,1.0,1.0,2.0
cldice,+clDice (connectivity-aware vessel),0,17,liver,1,0.8938915193315313,0.8081409147060462,0.9276352235389571,0.8625165742902906,77.47902942086975,9.966233428359322,nan,nan,nan,nan,nan
cldice,+clDice (connectivity-aware vessel),0,17,tumour,1,0.4771127692226279,0.31329487803182987,0.35620118523020816,0.7222934332478801,85.56956226022524,19.191711742126202,nan,nan,nan,nan,nan
cldice,+clDice (connectivity-aware vessel),0,17,vessel,1,0.019154264209775868,0.009669740486951451,1.0,0.009669740486951451,177.7667010438119,103.09438071159133,0.0,23.0,1.0,1.0,24.0
cldice,+clDice (connectivity-aware vessel),1,02,liver,1,0.8580242134188729,0.7513506183766341,0.951679849004566,0.7811505166581079,88.63972021616495,10.969236336505267,nan,nan,nan,nan,nan
cldice,+clDice (connectivity-aware vessel),1,02,tumour,1,0.0266798418972332,0.013520280420630946,0.06239168110918544,0.01696779261586803,167.34455472702507,99.61132924248491,nan,nan,nan,nan,nan
cldice,+clDice (connectivity-aware vessel),1,02,vessel,1,0.00286992131239406,0.0014370227272727273,1.0,0.0014370227272727273,256.3630238548453,169.20144708767182,0.0,2.0,1.0,1.0,3.0
cldice,+clDice (connectivity-aware vessel),1,05,liver,1,0.8890639506184022,0.8002836446916087,0.9444528367968625,0.8398118931831171,97.22731096059495,9.68816176661224,nan,nan,nan,nan,nan
cldice,+clDice (connectivity-aware vessel),1,05,tumour,1,9.877356161000905e-05,4.938921997958579e-05,0.0005336179295624333,5.442374326506177e-05,141.16267207579935,93.75314753703626,nan,nan,nan,nan,nan
cldice,+clDice (connectivity-aware vessel),1,05,vessel,1,0.015325741786671152,0.007722043918918919,1.0,0.007722043918918919,185.29436041067197,112.57672951775353,0.0,47.0,1.0,1.0,48.0
cldice,+clDice (connectivity-aware vessel),1,11,liver,1,0.9002533267272843,0.8186006364977102,0.9391788684149032,0.8644260182753499,110.34944494649713,13.414290551846124,nan,nan,nan,nan,nan
cldice,+clDice (connectivity-aware vessel),1,11,tumour,0,nan,nan,nan,nan,nan,nan,nan,nan,nan,nan,nan
cldice,+clDice (connectivity-aware vessel),1,11,vessel,1,0.015532737267286356,0.007827157221982578,1.0,0.007827157221982578,174.85136545077364,105.59102649601621,1.0,16.0,1.0,1.0,17.0
cldice,+clDice (connectivity-aware vessel),1,12,liver,1,0.8896011951217145,0.8011546763320109,0.9207195017557911,0.860517581791974,75.9012516365837,7.79961670525952,nan,nan,nan,nan,nan
cldice,+clDice (connectivity-aware vessel),1,12,tumour,1,0.019901506218553754,0.010050765798294873,0.0115622345800708,0.0713957583645969,164.35936237403698,69.62402914040932,nan,nan,nan,nan,nan
cldice,+clDice (connectivity-aware vessel),1,12,vessel,1,0.012815484153380132,0.0064490660284358264,1.0,0.0064490660284358264,178.39843048636948,114.57101217988252,1.0,16.0,1.0,1.0,17.0
cldice,+clDice (connectivity-aware vessel),2,06,liver,1,0.8373336846642617,0.7201840060382831,0.8172032250526347,0.858480953334598,126.24579200908045,15.320719685229264,nan,nan,nan,nan,nan
cldice,+clDice (connectivity-aware vessel),2,06,tumour,1,0.2857125590727244,0.16666549159234323,0.16673916161357294,0.9973560227832079,26.551836094703507,8.013711003647028,nan,nan,nan,nan,nan
cldice,+clDice (connectivity-aware vessel),2,06,vessel,1,0.022372313761733688,0.011312702546296296,1.0,0.011312702546296296,182.50986274457347,105.82637480610711,1.0,12.0,1.0,1.0,13.0
cldice,+clDice (connectivity-aware vessel),2,13,liver,1,0.8594359307034467,0.7535183282018577,0.9554400526893996,0.7809634887824664,120.76423311560423,16.469259533596095,nan,nan,nan,nan,nan
cldice,+clDice (connectivity-aware vessel),2,13,tumour,1,0.40118889826083465,0.2509295174548305,0.2825796668477277,0.6913918653265775,34.688614218172944,7.649825388529108,nan,nan,nan,nan,nan
cldice,+clDice (connectivity-aware vessel),2,13,vessel,1,0.02180839586463971,0.011024410284145277,1.0,0.011024410284145277,141.4142849927121,85.28414846834518,0.0,32.0,1.0,1.0,33.0
cldice,+clDice (connectivity-aware vessel),2,16,liver,1,0.8332044424516796,0.7140963445236412,0.8655536102801197,0.8031861921450606,133.03664899629945,19.7009301626482,nan,nan,nan,nan,nan
cldice,+clDice (connectivity-aware vessel),2,16,tumour,1,0.0,0.0,0.0,0.0,161.5735126807609,79.14267251040455,nan,nan,nan,nan,nan
cldice,+clDice (connectivity-aware vessel),2,16,vessel,1,0.010133368118520116,0.005092486077289866,1.0,0.005092486077289866,180.22208521710095,114.29759863925013,1.0,32.0,1.0,1.0,33.0
cldice,+clDice (connectivity-aware vessel),2,20,liver,1,0.8833597126266244,0.791087087413363,0.9825746747441305,0.8023434989026328,253.000592315758,30.153777097526007,nan,nan,nan,nan,nan
cldice,+clDice (connectivity-aware vessel),2,20,tumour,0,nan,nan,nan,nan,nan,nan,nan,nan,nan,nan,nan
cldice,+clDice (connectivity-aware vessel),2,20,vessel,1,0.00994721928141679,0.0049984700796855104,1.0,0.0049984700796855104,200.3471986327735,135.57206087045992,0.0,4.0,1.0,1.0,5.0
cldice,+clDice (connectivity-aware vessel),3,07,liver,1,0.7177171680770046,0.5597183009934469,0.8832185818379965,0.6044522293938862,56.00892785976178,12.673652671879802,nan,nan,nan,nan,nan
cldice,+clDice (connectivity-aware vessel),3,07,tumour,1,0.06280549979093361,0.03242085386065029,0.03838876301048012,0.1725609018717332,141.6368596093545,60.35505606457995,nan,nan,nan,nan,nan
cldice,+clDice (connectivity-aware vessel),3,07,vessel,1,0.01620095720353194,0.00816663223140496,1.0,0.00816663223140496,189.40168953839878,109.72690237905216,0.0,16.0,1.0,1.0,17.0
cldice,+clDice (connectivity-aware vessel),3,08,liver,1,0.8657926300201242,0.7633459744098523,0.8516866710342526,0.8803737147486229,86.90799733051038,8.021824759681666,nan,nan,nan,nan,nan
cldice,+clDice (connectivity-aware vessel),3,08,tumour,1,0.006985463162734765,0.003504973513048262,0.03881300972781763,0.0038381188359325655,133.81330277666717,65.32614410365791,nan,nan,nan,nan,nan
cldice,+clDice (connectivity-aware vessel),3,08,vessel,1,0.033948821503930006,0.017267516672632675,1.0,0.017267516672632675,126.90941651429968,75.05451224110611,0.0,50.0,1.0,1.0,51.0
cldice,+clDice (connectivity-aware vessel),3,15,liver,1,0.8903927404594516,0.802439541381636,0.9188333633659034,0.8636599001861744,77.84600182411425,9.34692089410344,nan,nan,nan,nan,nan
cldice,+clDice (connectivity-aware vessel),3,15,tumour,1,0.028731696656224957,0.01457523392806989,0.6078914919852034,0.014713563040007163,123.2801687214939,76.51177817847213,nan,nan,nan,nan,nan
cldice,+clDice (connectivity-aware vessel),3,15,vessel,1,0.007058314376773037,0.00354165625,1.0,0.00354165625,221.03393404633596,130.81010576942774,0.0,9.0,1.0,1.0,10.0
cldice,+clDice (connectivity-aware vessel),3,18,liver,1,0.8732739678791498,0.7750543991917676,0.8281030478410902,0.9236571201008861,50.21603307155968,6.25353154736935,nan,nan,nan,nan,nan
cldice,+clDice (connectivity-aware vessel),3,18,tumour,1,1.4114226434534689e-05,7.0571630204657725e-06,0.00015792798483891344,7.387215684536341e-06,203.4969287237525,106.38608009022839,nan,nan,nan,nan,nan
cldice,+clDice (connectivity-aware vessel),3,18,vessel,1,0.007764379246220642,0.0038973197574305608,1.0,0.0038973197574305608,190.9633472685269,114.73204171640586,0.0,14.0,1.0,1.0,15.0
cldice,+clDice (connectivity-aware vessel),4,01,liver,1,0.9287249467690782,0.866934167810668,0.9345091222338378,0.9230119335382493,57.41950887982237,4.832161673906182,nan,nan,nan,nan,nan
cldice,+clDice (connectivity-aware vessel),4,01,tumour,1,0.008285196460935477,0.004159830737921698,0.004163451357608169,0.8270944741532977,29.942439440500035,14.770619773089788,nan,nan,nan,nan,nan
cldice,+clDice (connectivity-aware vessel),4,01,vessel,1,0.02114603265860102,0.01068599957732648,1.0,0.01068599957732648,136.11024943037904,82.56632861518186,0.0,4.0,1.0,1.0,5.0
cldice,+clDice (connectivity-aware vessel),4,04,liver,1,0.8631524685432491,0.7592508622833615,0.968729166132465,0.7783267310860584,130.26511428621248,15.890250927533447,nan,nan,nan,nan,nan
cldice,+clDice (connectivity-aware vessel),4,04,tumour,1,0.013280551653684075,0.006684663838539658,0.006989247311827957,0.1329923273657289,98.53561510327745,17.941435623235844,nan,nan,nan,nan,nan
cldice,+clDice (connectivity-aware vessel),4,04,vessel,1,0.023484917197218465,0.011881982283644333,1.0,0.011881982283644333,172.3890947827037,98.61609661227573,0.0,15.0,1.0,1.0,16.0
cldice,+clDice (connectivity-aware vessel),4,09,liver,1,0.8523325584911365,0.7426651028546705,0.9350841673353196,0.7830366149449535,111.93770588614142,13.604173621591224,nan,nan,nan,nan,nan
cldice,+clDice (connectivity-aware vessel),4,09,tumour,1,0.0023625147657172856,0.0011826544021024967,0.0012026056455653918,0.066543438077634,171.25784645623804,25.743959561333178,nan,nan,nan,nan,nan
cldice,+clDice (connectivity-aware vessel),4,09,vessel,1,0.023877406583557657,0.012082958143946387,1.0,0.012082958143946387,221.59873645849157,127.63429754943105,0.5,19.0,1.0,1.0,20.0
cldice,+clDice (connectivity-aware vessel),4,19,liver,1,0.8028878958713462,0.6706873091520088,0.7821381897092622,0.8247685629426548,132.4743371241172,18.368895296908956,nan,nan,nan,nan,nan
cldice,+clDice (connectivity-aware vessel),4,19,tumour,1,0.008282776909942965,0.00415861087805056,0.004162204264433843,0.8280871670702179,130.66368506247957,27.099735419495094,nan,nan,nan,nan,nan
cldice,+clDice (connectivity-aware vessel),4,19,vessel,1,0.007052650572601562,0.003538804261250498,1.0,0.003538804261250498,268.6708022841336,167.3721435757978,0.0,9.0,1.0,1.0,10.0
constraints,+Constraints (containment + exclusion),0,03,liver,1,0.7993475322883336,0.665760953968484,0.8872334572535587,0.7273036384586564,97.51410154434076,17.968338680355398,nan,nan,nan,nan,nan
constraints,+Constraints (containment + exclusion),0,03,tumour,1,0.12742758473507557,0.06804948299799002,0.47001574352368686,0.07370500044887333,120.50933572008574,49.91528474622143,nan,nan,nan,nan,nan
constraints,+Constraints (containment + exclusion),0,03,vessel,1,0.4226893269005423,0.26798102245130084,0.5761558035271698,0.333782171141218,42.649736224272246,8.502995885688405,0.45792072286592844,169.0,0.5051515151515151,218.0,49.0
constraints,+Constraints (containment + exclusion),0,10,liver,1,0.9005660440412687,0.8191179098665865,0.963122378417416,0.8456403544699101,97.33524539772682,11.391567899967162,nan,nan,nan,nan,nan
constraints,+Constraints (containment + exclusion),0,10,tumour,1,0.5188935016521223,0.35034178989217174,0.9383330779837598,0.35859827858773935,45.83666654546336,10.836048681987448,nan,nan,nan,nan,nan
constraints,+Constraints (containment + exclusion),0,10,vessel,1,0.4410932837994395,0.2829504031354053,0.8035750079588733,0.3039745230884511,75.9670981412348,13.332695540725117,0.5312177413986392,140.0,0.7848675034867504,155.0,15.0
constraints,+Constraints (containment + exclusion),0,14,liver,1,0.8658475553854478,0.76343137070935,0.9610141416467732,0.7878308354326511,67.23838189605696,9.041285015907086,nan,nan,nan,nan,nan
constraints,+Constraints (containment + exclusion),0,14,tumour,0,nan,nan,nan,nan,nan,nan,nan,nan,nan,nan,nan
constraints,+Constraints (containment + exclusion),0,14,vessel,1,0.5597366089630205,0.38863489306633975,0.738334007278609,0.45071263891151625,43.73785545725808,7.6689126905694,0.6589301146291621,176.0,0.7202337472607743,178.0,2.0
constraints,+Constraints (containment + exclusion),0,17,liver,1,0.8848640305979754,0.7935032631693073,0.9477428489295223,0.8298095958569504,76.55422907613932,9.224045961728562,nan,nan,nan,nan,nan
constraints,+Constraints (containment + exclusion),0,17,tumour,1,0.536511918015855,0.3665980779894505,0.48621790001519527,0.5984111191735426,69.1599587998886,17.37772244961952,nan,nan,nan,nan,nan
constraints,+Constraints (containment + exclusion),0,17,vessel,1,0.6932632008058116,0.5305300969815184,0.6602474943365787,0.7297546140065825,17.4928556845359,2.83965098465181,0.7316677265041958,352.0,0.6982113821138212,376.0,24.0
constraints,+Constraints (containment + exclusion),1,02,liver,1,0.8615324015682999,0.7567474056838391,0.9669554875976895,0.7768371207026584,88.02272433866155,11.286427494185649,nan,nan,nan,nan,nan
constraints,+Constraints (containment + exclusion),1,02,tumour,1,0.004395962227287529,0.002202822876723505,0.00389948006932409,0.005037313432835821,159.97499804656977,77.14754526247361,nan,nan,nan,nan,nan
constraints,+Constraints (containment + exclusion),1,02,vessel,1,0.41881443843711824,0.2648736799893062,0.7834696104635531,0.28579505463440524,93.23411336686804,19.23644938671573,0.46150855255928747,399.0,0.8222643896268185,402.0,3.0
constraints,+Constraints (containment + exclusion),1,05,liver,1,0.8876448345262989,0.7979868859136297,0.9689157957329217,0.8189525296240016,113.33578428722325,13.538884086071182,nan,nan,nan,nan,nan
constraints,+Constraints (containment + exclusion),1,05,tumour,1,0.0,0.0,0.0,0.0,137.93114224133723,71.06800880860148,nan,nan,nan,nan,nan
constraints,+Constraints (containment + exclusion),1,05,vessel,1,0.7342693293419762,0.5801149852521522,0.705578463434286,0.7653924034613133,30.990315016217004,3.9076713555048315,0.7334179311655782,427.0,0.6869684082624544,475.0,48.0
constraints,+Constraints (containment + exclusion),1,11,liver,1,0.904869314735379,0.8262660583898548,0.9480181302115096,0.8654773240506592,100.32447358446493,11.337311382836898,nan,nan,nan,nan,nan
constraints,+Constraints (containment + exclusion),1,11,tumour,0,nan,nan,nan,nan,nan,nan,nan,nan,nan,nan,nan
constraints,+Constraints (containment + exclusion),1,11,vessel,1,0.6897070751392822,0.5263762491983212,0.5766651547088592,0.8578733932694279,20.615528128088304,3.249945223926554,0.5713115008775776,178.0,0.47698821796759944,195.0,17.0
constraints,+Constraints (containment + exclusion),1,12,liver,1,0.8984039178227725,0.8155474881928956,0.9693885155254186,0.8371058701605674,71.449282711585,7.908933324481233,nan,nan,nan,nan,nan
constraints,+Constraints (containment + exclusion),1,12,tumour,1,0.007518043894535278,0.003773205509589738,0.003955338156614032,0.07573599240265907,150.9299491186972,31.612839867686635,nan,nan,nan,nan,nan
constraints,+Constraints (containment + exclusion),1,12,vessel,1,0.6449973899425787,0.47601191699198686,0.6845446218396352,0.6097700065361484,22.58317958127243,3.4810498251202624,0.690294086562578,345.0,0.7105100144538509,362.0,17.0
constraints,+Constraints (containment + exclusion),2,06,liver,1,0.8480444509348878,0.7361781030727546,0.8083741347290224,0.8918092803978793,119.55333537798099,15.32260459557681,nan,nan,nan,nan,nan
constraints,+Constraints (containment + exclusion),2,06,tumour,1,0.0,0.0,0.0,0.0,nan,nan,nan,nan,nan,nan,nan
constraints,+Constraints (containment + exclusion),2,06,vessel,1,0.5622039686458892,0.3910178887588162,0.41349781439354216,0.8779359295322606,14.89966442575134,3.5654172216278406,0.6409012226327659,381.0,0.4997942669044027,394.0,13.0
constraints,+Constraints (containment + exclusion),2,13,liver,1,0.8815954578830937,0.7882616930492946,0.9502760609695469,0.8221733942551148,122.73956167430288,16.445216197651256,nan,nan,nan,nan,nan
constraints,+Constraints (containment + exclusion),2,13,tumour,1,0.0,0.0,0.0,0.0,nan,nan,nan,nan,nan,nan,nan
constraints,+Constraints (containment + exclusion),2,13,vessel,1,0.7207171490242721,0.5633759168072725,0.6431362374898779,0.8195826194984621,14.798648586948742,2.7910025179822284,0.7333228351713832,156.0,0.6356408498971898,189.0,33.0
constraints,+Constraints (containment + exclusion),2,16,liver,1,0.8244345641009017,0.7013089522067787,0.8285282197141389,0.8203811620932359,148.12494725737457,20.01092636087267,nan,nan,nan,nan,nan
constraints,+Constraints (containment + exclusion),2,16,tumour,1,0.0,0.0,0.0,0.0,nan,nan,nan,nan,nan,nan,nan
constraints,+Constraints (containment + exclusion),2,16,vessel,1,0.5628376013651915,0.39163117675486286,0.6444396123260437,0.4995785833658426,40.52159917870962,5.838527699125387,0.5563936210009406,394.0,0.7414218434626598,427.0,33.0
constraints,+Constraints (containment + exclusion),2,20,liver,1,0.9172140187560861,0.8470870833610006,0.9827208697930665,0.8598946015133259,210.35089728186904,20.780343718639305,nan,nan,nan,nan,nan
constraints,+Constraints (containment + exclusion),2,20,tumour,0,nan,nan,nan,nan,nan,nan,nan,nan,nan,nan,nan
constraints,+Constraints (containment + exclusion),2,20,vessel,1,0.49144128723040054,0.3257687507091796,0.38724537835615513,0.6723501992839289,38.7556447501522,6.3743173934313475,0.5357534425379658,456.0,0.40189908358175996,461.0,5.0
constraints,+Constraints (containment + exclusion),3,07,liver,1,0.7639096042530773,0.6180046434156425,0.8829331895179877,0.6731639132164544,54.04627646748664,10.53871157613196,nan,nan,nan,nan,nan
constraints,+Constraints (containment + exclusion),3,07,tumour,1,0.128161966284989,0.06846851275408039,0.07077970215640675,0.6770895885161992,98.01020355044673,28.93026508189654,nan,nan,nan,nan,nan
constraints,+Constraints (containment + exclusion),3,07,vessel,1,0.6550137928435154,0.48700409666528777,0.5770748738188304,0.7572926739181859,19.28470739821299,3.5646833330966596,0.6241223218597458,361.0,0.4983480176211454,378.0,17.0
constraints,+Constraints (containment + exclusion),3,08,liver,1,0.907313089422097,0.8303504696896524,0.904323910060693,0.9103220953650146,84.01428444913165,6.8544368378212,nan,nan,nan,nan,nan
constraints,+Constraints (containment + exclusion),3,08,tumour,1,0.06486086563360599,0.03351741716227698,0.1550555173430284,0.041007250331332346,51.53881877897088,24.348158233384098,nan,nan,nan,nan,nan
constraints,+Constraints (containment + exclusion),3,08,vessel,1,0.5869235564118547,0.41535159621054385,0.4597307690941953,0.8114165381867409,18.35755975068582,3.506482397006383,0.6092694478508216,133.0,0.5027525284854693,184.0,51.0
constraints,+Constraints (containment + exclusion),3,15,liver,1,0.9046337146620843,0.8258732505930734,0.9041080878323962,0.9051599530210485,77.74959806970065,9.00539915033304,nan,nan,nan,nan,nan
constraints,+Constraints (containment + exclusion),3,15,tumour,1,0.11645101663585952,0.06182531894013739,0.46609124537607893,0.06653758141172329,80.40180340283726,49.60096021728554,nan,nan,nan,nan,nan
constraints,+Constraints (containment + exclusion),3,15,vessel,1,0.5709504887666762,0.3995316357331275,0.6668754908102671,0.4991513390351022,42.54115623834234,5.28938154996431,0.6487302349583155,273.0,0.6950886766712142,283.0,10.0
constraints,+Constraints (containment + exclusion),3,18,liver,1,0.8853679598871146,0.7943141126621913,0.8239298875751934,0.9567068249783041,50.96076922496363,5.7668616414874,nan,nan,nan,nan,nan
constraints,+Constraints (containment + exclusion),3,18,tumour,1,0.0,0.0,0.0,0.0,134.1146896374376,71.52395545131527,nan,nan,nan,nan,nan
constraints,+Constraints (containment + exclusion),3,18,vessel,1,0.581641768573197,0.4100810047036511,0.8348813308616599,0.44627564536997105,41.43850843648986,5.712732114764284,0.6390516348227508,207.0,0.7213417855256207,222.0,15.0
constraints,+Constraints (containment + exclusion),4,01,liver,1,0.9410494266973456,0.8886622760516585,0.9510871280254978,0.9312213868926001,61.554853586049575,5.145287740014122,nan,nan,nan,nan,nan
constraints,+Constraints (containment + exclusion),4,01,tumour,1,0.5477380461665292,0.37716201593017684,0.38154801428494517,0.9704231137888539,17.0,5.131479142963747,nan,nan,nan,nan,nan
constraints,+Constraints (containment + exclusion),4,01,vessel,1,0.6308164125342595,0.46072449181329644,0.5463016734774339,0.7462663755458515,11.74734012447073,2.6785800832671427,0.633152915915638,314.0,0.5744844567559249,319.0,5.0
constraints,+Constraints (containment + exclusion),4,04,liver,1,0.8632910758006184,0.7594653806458503,0.9799922754429601,0.7714266611075122,129.30757903657252,16.14030451384326,nan,nan,nan,nan,nan
constraints,+Constraints (containment + exclusion),4,04,tumour,1,0.4110215855963394,0.25867033930136474,0.5553763440860215,0.32622769619453656,50.00999900019995,17.281939348602496,nan,nan,nan,nan,nan
constraints,+Constraints (containment + exclusion),4,04,vessel,1,0.639548501651772,0.4701001854371658,0.4879110251450677,0.9279432364943053,11.357816691600547,3.0006053581945236,0.6601358064715389,209.0,0.5153898768809849,225.0,16.0
constraints,+Constraints (containment + exclusion),4,09,liver,1,0.8514758402065107,0.7413651971932489,0.9656628579366511,0.7614378737693608,109.5308175811721,14.296344633861,nan,nan,nan,nan,nan
constraints,+Constraints (containment + exclusion),4,09,tumour,1,0.1915126423184977,0.10589658893939889,0.16225154501419742,0.23365003006614551,163.81391879411166,43.19635656564639,nan,nan,nan,nan,nan
constraints,+Constraints (containment + exclusion),4,09,vessel,1,0.42150353335330204,0.26702849341736523,0.28355825221887004,0.8208115275144877,32.03123475609393,4.872050091815143,0.5972125952008736,358.0,0.47996025173898643,378.0,20.0
constraints,+Constraints (containment + exclusion),4,19,liver,1,0.8112410345078834,0.6824268485512955,0.8587649450728491,0.7687012348283978,79.50471684120383,14.662737100615855,nan,nan,nan,nan,nan
constraints,+Constraints (containment + exclusion),4,19,tumour,1,0.3091682007097717,0.182849767102531,0.1982645312043618,0.7016538892238781,54.8270006474912,13.448015370082905,nan,nan,nan,nan,nan
constraints,+Constraints (containment + exclusion),4,19,vessel,1,0.5359416448500018,0.36606576709511873,0.5431026903464041,0.5289669847875698,111.07655018049489,11.74638911315801,0.5644472108179174,350.0,0.5427069645203679,360.0,10.0
full,Full (Ours: clDice + constraints),0,03,liver,1,0.8183839755559328,0.6925972216236406,0.873073609648703,0.7701420124554713,98.29852472314326,16.24846733726079,nan,nan,nan,nan,nan
full,Full (Ours: clDice + constraints),0,03,tumour,1,0.1056852610942791,0.055790761125223444,0.25461571489909834,0.06668165973237378,87.6227709781795,30.852810259341712,nan,nan,nan,nan,nan
full,Full (Ours: clDice + constraints),0,03,vessel,1,0.41856859933073826,0.2646770509005955,0.6751522895760126,0.30330217390228575,41.0,8.309342704411351,0.437318753125601,149.0,0.6645454545454546,198.0,49.0
full,Full (Ours: clDice + constraints),0,10,liver,1,0.8960428481447931,0.811664516724211,0.9541965964332613,0.8445703015917342,106.04055825326482,12.888169970068907,nan,nan,nan,nan,nan
full,Full (Ours: clDice + constraints),0,10,tumour,1,0.5220633934120572,0.35323801513877207,0.9330473418109392,0.3624244948968965,42.871902220452036,10.177538933241973,nan,nan,nan,nan,nan
full,Full (Ours: clDice + constraints),0,10,vessel,1,0.3914431799252958,0.24335054568175996,0.8173939701218003,0.25734076752318236,75.7429864739964,15.918199817724144,0.4837472427260048,154.0,0.8779637377963738,169.0,15.0
full,Full (Ours: clDice + constraints),0,14,liver,1,0.8777865814645195,0.7821921988867815,0.9686496565346986,0.8025082146567946,68.03528458199419,8.808796469418139,nan,nan,nan,nan,nan
full,Full (Ours: clDice + constraints),0,14,tumour,0,nan,nan,nan,nan,nan,nan,nan,nan,nan,nan,nan
full,Full (Ours: clDice + constraints),0,14,vessel,1,0.5563396588415609,0.38536741848511,0.8160938131823696,0.4220162767550206,43.9089968002003,8.24784165363607,0.6036631027870256,185.0,0.8469685902118335,187.0,2.0
full,Full (Ours: clDice + constraints),0,17,liver,1,0.8667949472821515,0.7649056498673861,0.9001689874454954,0.8358071421907515,79.31708513077241,9.156752693599776,nan,nan,nan,nan,nan
full,Full (Ours: clDice + constraints),0,17,tumour,1,0.43396175331883363,0.27710801714997,0.2922716912323355,0.8422988666818476,71.43878284123788,11.513218669032675,nan,nan,nan,nan,nan
full,Full (Ours: clDice + constraints),0,17,vessel,1,0.6344158682007984,0.4645747218554267,0.6511407883180864,0.6185286103542235,21.118712081942874,3.455331923198112,0.8220193200048217,432.0,0.7967479674796748,456.0,24.0
full,Full (Ours: clDice + constraints),1,02,liver,1,0.8616243406128776,0.7568892865091285,0.9552575578323921,0.7847081726332003,89.57454984568615,12.39368724213576,nan,nan,nan,nan,nan
full,Full (Ours: clDice + constraints),1,02,tumour,1,0.004063538973032878,0.0020359059781602813,0.004766031195840554,0.0035415325177076628,158.54210795127702,80.29381994718429,nan,nan,nan,nan,nan
full,Full (Ours: clDice + constraints),1,02,vessel,1,0.37326852447224734,0.2294592132061314,0.8125227348210473,0.24228690542439704,94.71430667879271,19.533303382397794,0.45346600615812016,267.0,0.9519291587602783,270.0,3.0
full,Full (Ours: clDice + constraints),1,05,liver,1,0.898977312471467,0.8164929956978474,0.9558691088091477,0.8484773041146995,110.44002897500525,14.338567474894743,nan,nan,nan,nan,nan
full,Full (Ours: clDice + constraints),1,05,tumour,1,0.0,0.0,0.0,0.0,122.32906415012758,86.5315026006358,nan,nan,nan,nan,nan
full,Full (Ours: clDice + constraints),1,05,vessel,1,0.681274297338507,0.5166156206431239,0.6727697630584023,0.6899965973549108,18.547236990991408,3.421059118012881,0.7096549930308075,253.0,0.7288882138517618,301.0,48.0
full,Full (Ours: clDice + constraints),1,11,liver,1,0.9131468124677397,0.8401749407765666,0.9528442089904419,0.8766248662877278,102.84454287904633,14.621007246870002,nan,nan,nan,nan,nan
full,Full (Ours: clDice + constraints),1,11,tumour,0,nan,nan,nan,nan,nan,nan,nan,nan,nan,nan,nan
full,Full (Ours: clDice + constraints),1,11,vessel,1,0.7257592298531164,0.5695620850127538,0.6503864386278538,0.8208917526351829,11.916375287812984,2.245489024880226,0.7078635541370618,127.0,0.6213181148748159,144.0,17.0
full,Full (Ours: clDice + constraints),1,12,liver,1,0.9008802164423084,0.819637886533431,0.9443337422295145,0.8612497990600739,78.95568377260753,10.295747336742634,nan,nan,nan,nan,nan
full,Full (Ours: clDice + constraints),1,12,tumour,1,0.0,0.0,0.0,0.0,138.71787915421828,41.64546727098117,nan,nan,nan,nan,nan
full,Full (Ours: clDice + constraints),1,12,vessel,1,0.5738492272750149,0.40237626922050146,0.6457633629137899,0.5163472556377654,26.68332812825267,3.869697487471833,0.7229160261673703,213.0,0.8081767499483791,230.0,17.0
full,Full (Ours: clDice + constraints),2,06,liver,1,0.8615423952725259,0.7567628269115592,0.8307076577669495,0.894754463008827,126.6899759115002,16.953758059486482,nan,nan,nan,nan,nan
full,Full (Ours: clDice + constraints),2,06,tumour,1,0.0,0.0,0.0,0.0,nan,nan,nan,nan,nan,nan,nan
full,Full (Ours: clDice + constraints),2,06,vessel,1,0.5404882418200435,0.3703212658554011,0.4043614934252763,0.814781219399062,14.628738838327793,3.4172995038607974,0.6543993833266296,250.0,0.5833219037169113,263.0,13.0
full,Full (Ours: clDice + constraints),2,13,liver,1,0.8819648368441555,0.788852502952286,0.9504698115708128,0.8226709468772145,121.87349998196505,18.488067837152652,nan,nan,nan,nan,nan
full,Full (Ours: clDice + constraints),2,13,tumour,1,0.0,0.0,0.0,0.0,nan,nan,nan,nan,nan,nan,nan
full,Full (Ours: clDice + constraints),2,13,vessel,1,0.7274923372093269,0.5716997692681078,0.6759475459326871,0.787547230300671,9.899494936611665,2.285992935846466,0.7399146303955774,112.0,0.7374914324880055,145.0,33.0
full,Full (Ours: clDice + constraints),2,16,liver,1,0.8190581771882959,0.6935635281661889,0.8187192155440728,0.8193974196188544,140.12137595670404,23.849822044374832,nan,nan,nan,nan,nan
full,Full (Ours: clDice + constraints),2,16,tumour,1,0.0,0.0,0.0,0.0,nan,nan,nan,nan,nan,nan,nan
full,Full (Ours: clDice + constraints),2,16,vessel,1,0.5728870093815088,0.4014307298353632,0.7031871272365805,0.4833268568061184,33.95953414525599,4.892991443129837,0.6924424232715581,183.0,0.8149809374299171,216.0,33.0
full,Full (Ours: clDice + constraints),2,20,liver,1,0.9083974868743728,0.8321687390342513,0.9814321042078309,0.8454799367182422,235.97457472084378,35.15179174213425,nan,nan,nan,nan,nan
full,Full (Ours: clDice + constraints),2,20,tumour,0,nan,nan,nan,nan,nan,nan,nan,nan,nan,nan,nan
full,Full (Ours: clDice + constraints),2,20,vessel,1,0.5261956010434337,0.3570321824361313,0.47875483434191995,0.5840725047229967,40.52468348378784,6.187331633595117,0.5740452379922816,365.0,0.539913878767804,370.0,5.0
full,Full (Ours: clDice + constraints),3,07,liver,1,0.7781773041870755,0.6368987143992484,0.873925144672222,0.7013382073668487,53.075418038862395,11.903578489873697,nan,nan,nan,nan,nan
full,Full (Ours: clDice + constraints),3,07,tumour,1,0.0691046252991771,0.03578890198019368,0.03663709354393223,0.6072083230121377,96.09968776447224,38.26762180054345,nan,nan,nan,nan,nan
full,Full (Ours: clDice + constraints),3,07,vessel,1,0.2525634106853751,0.1445336627547869,0.5453872718302911,0.16433194943251173,23.706539182259394,7.23075078760813,0.6429247261425884,346.0,0.6389041850220264,363.0,17.0
full,Full (Ours: clDice + constraints),3,08,liver,1,0.8825121075188198,0.7897285630176816,0.861351190991236,0.9047389359044604,85.54530963179688,8.153866071186842,nan,nan,nan,nan,nan
full,Full (Ours: clDice + constraints),3,08,tumour,1,0.008663046289113007,0.004350366859294851,0.013166945072221676,0.006455031552579604,53.55511169709125,26.03896256047811,nan,nan,nan,nan,nan
full,Full (Ours: clDice + constraints),3,08,vessel,1,0.24813566146555807,0.14164091134656068,0.5777101524410814,0.15799946780925817,26.248809496813376,7.8406232012437655,0.5812240699951781,54.0,0.6554858532838305,105.0,51.0
full,Full (Ours: clDice + constraints),3,15,liver,1,0.9160419926131499,0.8450899263353353,0.9282255899561279,0.9041740877287753,75.21967827636595,7.475349324526564,nan,nan,nan,nan,nan
full,Full (Ours: clDice + constraints),3,15,tumour,1,0.19046049921739847,0.10525357370481654,0.7127003699136868,0.10991727678995912,81.71382988960013,47.20891211661766,nan,nan,nan,nan,nan
full,Full (Ours: clDice + constraints),3,15,vessel,1,0.1557018007198823,0.0844233328323246,0.8127994494101454,0.08609741325487234,43.2087954009366,12.29044995138714,0.5697682506550894,85.0,0.951568894952251,95.0,10.0
full,Full (Ours: clDice + constraints),3,18,liver,1,0.8930710502846755,0.8068006989196116,0.8369319625516438,0.9572829503425613,46.00108567234035,5.135169800829724,nan,nan,nan,nan,nan
full,Full (Ours: clDice + constraints),3,18,tumour,1,0.0,0.0,0.0,0.0,111.67497345075573,52.323321492703265,nan,nan,nan,nan,nan
full,Full (Ours: clDice + constraints),3,18,vessel,1,0.14550311115788786,0.07845961459052934,0.770163188074496,0.08034074479309132,43.497126341863094,10.450696848072504,0.540878528607264,80.0,0.8845747490755415,95.0,15.0
full,Full (Ours: clDice + constraints),4,01,liver,1,0.9355045600639121,0.8788243941374513,0.9529039877586893,0.9187291435377739,61.897898628780084,6.173070862953578,nan,nan,nan,nan,nan
full,Full (Ours: clDice + constraints),4,01,tumour,1,0.0,0.0,0.0,0.0,nan,nan,nan,nan,nan,nan,nan
full,Full (Ours: clDice + constraints),4,01,vessel,1,0.6042804379729295,0.4329526177130483,0.59013388885041,0.6191218803275481,12.727922061357855,2.6596952228781205,0.770823730798192,186.0,0.6914435210834102,191.0,5.0
full,Full (Ours: clDice + constraints),4,04,liver,1,0.879600402322339,0.7850773993007093,0.9726515423472397,0.8027986624409394,129.75746606650424,16.55536258555992,nan,nan,nan,nan,nan
full,Full (Ours: clDice + constraints),4,04,tumour,1,0.0,0.0,0.0,0.0,nan,nan,nan,nan,nan,nan,nan
full,Full (Ours: clDice + constraints),4,04,vessel,1,0.6589702552892498,0.4913912296787903,0.5406093483802374,0.8436869040241489,9.219544457292887,2.601647713036062,0.8034101991708676,174.0,0.6968194254445964,190.0,16.0
full,Full (Ours: clDice + constraints),4,09,liver,1,0.8773895077318593,0.7815618273433086,0.9600332149454814,0.8078466608074777,107.03737664946763,14.069684850285967,nan,nan,nan,nan,nan
full,Full (Ours: clDice + constraints),4,09,tumour,1,0.0,0.0,0.0,0.0,nan,nan,nan,nan,nan,nan,nan
full,Full (Ours: clDice + constraints),4,09,vessel,1,0.43895261362071514,0.2811910884004796,0.3211554356485705,0.6932200318157106,22.715633383201094,4.152129421761747,0.7173126345020613,265.0,0.5937948548084354,285.0,20.0
full,Full (Ours: clDice + constraints),4,19,liver,1,0.8505076896039282,0.7398985464381882,0.8325137881188187,0.8692966127845642,137.66989503882104,18.434895340801425,nan,nan,nan,nan,nan
full,Full (Ours: clDice + constraints),4,19,tumour,1,0.0,0.0,0.0,0.0,nan,nan,nan,nan,nan,nan,nan
full,Full (Ours: clDice + constraints),4,19,vessel,1,0.5231902650160954,0.3542705960167561,0.5297784420608405,0.5167639327813249,124.10801481621735,10.4487070547761,0.6721659661868172,204.0,0.6328139665853201,214.0,10.0
